{
  "architecture": "efficientnet_b0",
  "dataset": "bloodmnist",
  "n_classes": 8,
  "training": {
    "best_epoch": 22,
    "best_val_acc": 0.6950934579439252,
    "total_time_minutes": 1.6816758672396341,
    "final_train_acc": 0.988544192658249
  },
  "test_performance": {
    "accuracy": 0.6708564747149957,
    "precision": 0.670375668217955,
    "recall": 0.6708564747149957,
    "f1_score": 0.6697568583444214,
    "ece": 0.2129453313835042,
    "mce": 0.31566365877279456,
    "auc": 0.9143206908819794,
    "confusion_matrix": [
      [
        82,
        35,
        8,
        78,
        14,
        16,
        11,
        0
      ],
      [
        31,
        463,
        4,
        60,
        4,
        12,
        50,
        0
      ],
      [
        7,
        4,
        214,
        23,
        15,
        9,
        27,
        12
      ],
      [
        41,
        61,
        15,
        318,
        13,
        78,
        53,
        0
      ],
      [
        24,
        10,
        22,
        18,
        144,
        4,
        21,
        0
      ],
      [
        18,
        20,
        4,
        106,
        2,
        121,
        13,
        0
      ],
      [
        10,
        56,
        25,
        39,
        14,
        16,
        504,
        2
      ],
      [
        0,
        1,
        14,
        2,
        0,
        1,
        3,
        449
      ]
    ]
  },
  "model_info": {
    "parameters": 4017796,
    "device": "cuda"
  },
  "timestamp": "2025-12-04T16:39:10.870790"
}