{
  "architecture": "resnet18",
  "dataset": "bloodmnist",
  "n_classes": 8,
  "training": {
    "best_epoch": 21,
    "best_val_acc": 0.9158878504672897,
    "total_time_minutes": 0.9688521424929301,
    "final_train_acc": 1.0
  },
  "test_performance": {
    "accuracy": 0.9105524700380005,
    "precision": 0.911448468387442,
    "recall": 0.9105524700380005,
    "f1_score": 0.9107448676408025,
    "ece": 0.058849796857516096,
    "mce": 0.34255029048238483,
    "auc": 0.9905865159050619,
    "confusion_matrix": [
      [
        209,
        1,
        0,
        21,
        3,
        9,
        1,
        0
      ],
      [
        4,
        606,
        0,
        8,
        0,
        3,
        3,
        0
      ],
      [
        2,
        2,
        282,
        14,
        5,
        1,
        4,
        1
      ],
      [
        25,
        9,
        5,
        480,
        9,
        25,
        26,
        0
      ],
      [
        7,
        0,
        2,
        13,
        215,
        4,
        2,
        0
      ],
      [
        10,
        1,
        1,
        47,
        3,
        222,
        0,
        0
      ],
      [
        0,
        9,
        2,
        19,
        1,
        2,
        632,
        1
      ],
      [
        0,
        0,
        1,
        0,
        0,
        0,
        0,
        469
      ]
    ]
  },
  "model_info": {
    "parameters": 11180616,
    "device": "cuda"
  },
  "timestamp": "2025-12-04T16:37:28.741012"
}