{
  "architecture": "simple_cnn",
  "dataset": "bloodmnist",
  "n_classes": 8,
  "training": {
    "best_epoch": 26,
    "best_val_acc": 0.969626168224299,
    "total_time_minutes": 0.4734169840812683,
    "final_train_acc": 0.9996655238732336
  },
  "test_performance": {
    "accuracy": 0.9675533469745689,
    "precision": 0.9676453079734838,
    "recall": 0.9675533469745689,
    "f1_score": 0.9675832416291731,
    "ece": 0.021398022601005765,
    "mce": 0.6342803537845612,
    "auc": 0.9981230734924353,
    "confusion_matrix": [
      [
        231,
        0,
        0,
        7,
        1,
        3,
        2,
        0
      ],
      [
        1,
        621,
        0,
        0,
        0,
        0,
        2,
        0
      ],
      [
        1,
        0,
        300,
        8,
        0,
        0,
        0,
        2
      ],
      [
        10,
        0,
        2,
        534,
        5,
        18,
        10,
        0
      ],
      [
        0,
        0,
        0,
        8,
        235,
        0,
        0,
        0
      ],
      [
        0,
        0,
        1,
        13,
        4,
        266,
        0,
        0
      ],
      [
        1,
        1,
        1,
        10,
        0,
        0,
        653,
        0
      ],
      [
        0,
        0,
        0,
        0,
        0,
        0,
        0,
        470
      ]
    ]
  },
  "model_info": {
    "parameters": 814504,
    "device": "cuda"
  },
  "timestamp": "2025-12-04T16:36:29.479312"
}