{
  "architecture": "resnet18",
  "dataset": "pneumoniamnist",
  "n_classes": 2,
  "training": {
    "best_epoch": 18,
    "best_val_acc": 0.9637404580152672,
    "total_time_minutes": 0.37465975681940716,
    "final_train_acc": 1.0
  },
  "test_performance": {
    "accuracy": 0.8525641025641025,
    "precision": 0.8755394049511697,
    "recall": 0.8525641025641025,
    "f1_score": 0.8432886352369321,
    "ece": 0.13639215399057436,
    "mce": 0.41732239723205566,
    "auc": null,
    "confusion_matrix": [
      [
        145,
        89
      ],
      [
        3,
        387
      ]
    ]
  },
  "model_info": {
    "parameters": 11171266,
    "device": "cuda"
  },
  "timestamp": "2025-12-05T13:51:19.585462"
}