{
  "architecture": "efficientnet_b0",
  "dataset": "pathmnist",
  "n_classes": 9,
  "training": {
    "best_epoch": 29,
    "best_val_acc": 0.8782487005197921,
    "total_time_minutes": 14.50849235455195,
    "final_train_acc": 0.978932396995422
  },
  "test_performance": {
    "accuracy": 0.7452646239554318,
    "precision": 0.7715565470073498,
    "recall": 0.7452646239554318,
    "f1_score": 0.7492628233557946,
    "ece": 0.191903495518776,
    "mce": 0.36251485909538705,
    "auc": 0.9580159711471051,
    "confusion_matrix": [
      [
        1040,
        7,
        40,
        0,
        34,
        201,
        5,
        0,
        11
      ],
      [
        0,
        847,
        0,
        0,
        0,
        0,
        0,
        0,
        0
      ],
      [
        1,
        5,
        275,
        0,
        0,
        38,
        0,
        19,
        1
      ],
      [
        1,
        1,
        46,
        533,
        0,
        0,
        35,
        1,
        17
      ],
      [
        68,
        151,
        3,
        5,
        714,
        7,
        20,
        10,
        57
      ],
      [
        16,
        40,
        136,
        1,
        0,
        282,
        0,
        116,
        1
      ],
      [
        6,
        0,
        48,
        20,
        34,
        11,
        458,
        8,
        156
      ],
      [
        4,
        2,
        128,
        5,
        2,
        58,
        12,
        167,
        43
      ],
      [
        2,
        1,
        55,
        10,
        11,
        2,
        104,
        13,
        1035
      ]
    ]
  },
  "model_info": {
    "parameters": 4019077,
    "device": "cuda"
  },
  "timestamp": "2025-12-04T16:34:22.655508"
}