{
  "architecture": "resnet18",
  "dataset": "pathmnist",
  "n_classes": 9,
  "training": {
    "best_epoch": 31,
    "best_val_acc": 0.926829268292683,
    "total_time_minutes": 8.609472354253134,
    "final_train_acc": 0.999799991110716
  },
  "test_performance": {
    "accuracy": 0.8079387186629526,
    "precision": 0.8288818459491207,
    "recall": 0.8079387186629526,
    "f1_score": 0.8113527040991292,
    "ece": 0.1499509602577574,
    "mce": 0.34053215965048056,
    "auc": 0.9689478259245539,
    "confusion_matrix": [
      [
        1258,
        1,
        8,
        0,
        10,
        53,
        3,
        2,
        3
      ],
      [
        0,
        847,
        0,
        0,
        0,
        0,
        0,
        0,
        0
      ],
      [
        0,
        9,
        274,
        1,
        0,
        22,
        0,
        31,
        2
      ],
      [
        0,
        0,
        89,
        527,
        0,
        2,
        8,
        0,
        8
      ],
      [
        58,
        116,
        2,
        0,
        766,
        1,
        30,
        11,
        51
      ],
      [
        2,
        60,
        52,
        0,
        1,
        355,
        1,
        121,
        0
      ],
      [
        12,
        0,
        51,
        9,
        23,
        7,
        525,
        7,
        107
      ],
      [
        0,
        6,
        119,
        2,
        8,
        59,
        4,
        199,
        24
      ],
      [
        1,
        0,
        69,
        17,
        2,
        5,
        75,
        14,
        1050
      ]
    ]
  },
  "model_info": {
    "parameters": 11181129,
    "device": "cuda"
  },
  "timestamp": "2025-12-04T16:19:49.223331"
}