{
  "architecture": "simple_cnn",
  "dataset": "pathmnist",
  "n_classes": 9,
  "training": {
    "best_epoch": 30,
    "best_val_acc": 0.9866053578568572,
    "total_time_minutes": 3.026253887017568,
    "final_train_acc": 0.9986666074047735
  },
  "test_performance": {
    "accuracy": 0.9183844011142062,
    "precision": 0.919351701014835,
    "recall": 0.9183844011142062,
    "f1_score": 0.9158161521871409,
    "ece": 0.06425857698352883,
    "mce": 0.37099582514316914,
    "auc": 0.9930488980234935,
    "confusion_matrix": [
      [
        1305,
        0,
        1,
        0,
        2,
        29,
        0,
        0,
        1
      ],
      [
        0,
        847,
        0,
        0,
        0,
        0,
        0,
        0,
        0
      ],
      [
        0,
        0,
        311,
        1,
        0,
        22,
        0,
        5,
        0
      ],
      [
        0,
        0,
        12,
        621,
        0,
        0,
        0,
        0,
        1
      ],
      [
        38,
        57,
        1,
        0,
        921,
        2,
        8,
        4,
        4
      ],
      [
        0,
        5,
        9,
        6,
        2,
        488,
        0,
        31,
        51
      ],
      [
        0,
        0,
        9,
        7,
        0,
        0,
        701,
        4,
        20
      ],
      [
        0,
        0,
        67,
        5,
        6,
        77,
        4,
        218,
        44
      ],
      [
        0,
        0,
        7,
        11,
        7,
        0,
        22,
        4,
        1182
      ]
    ]
  },
  "model_info": {
    "parameters": 814761,
    "device": "cuda"
  },
  "timestamp": "2025-12-04T16:11:09.933911"
}