{
  "architecture": "efficientnet_b0",
  "dataset": "dermamnist",
  "n_classes": 7,
  "training": {
    "best_epoch": 7,
    "best_val_acc": 0.6889332003988036,
    "total_time_minutes": 0.541121244430542,
    "final_train_acc": 0.8378764093049808
  },
  "test_performance": {
    "accuracy": 0.6753117206982544,
    "precision": 0.603366870572963,
    "recall": 0.6753117206982544,
    "f1_score": 0.6293829045695603,
    "ece": 0.1390525243377448,
    "mce": 0.27152618765830994,
    "auc": 0.7892923643049623,
    "confusion_matrix": [
      [
        10,
        8,
        18,
        0,
        2,
        28,
        0
      ],
      [
        8,
        26,
        21,
        1,
        2,
        45,
        0
      ],
      [
        11,
        8,
        81,
        0,
        10,
        110,
        0
      ],
      [
        3,
        2,
        6,
        0,
        0,
        12,
        0
      ],
      [
        8,
        4,
        25,
        1,
        16,
        168,
        1
      ],
      [
        11,
        15,
        53,
        0,
        41,
        1221,
        0
      ],
      [
        2,
        1,
        4,
        0,
        0,
        22,
        0
      ]
    ]
  },
  "model_info": {
    "parameters": 4016515,
    "device": "cuda"
  },
  "timestamp": "2025-12-04T16:35:39.728152"
}