{
  "architecture": "resnet18",
  "dataset": "dermamnist",
  "n_classes": 7,
  "training": {
    "best_epoch": 13,
    "best_val_acc": 0.7357926221335992,
    "total_time_minutes": 0.44216280778249106,
    "final_train_acc": 0.9998572855715713
  },
  "test_performance": {
    "accuracy": 0.7401496259351621,
    "precision": 0.7181627511074493,
    "recall": 0.7401496259351621,
    "f1_score": 0.7246327016586172,
    "ece": 0.16892901447943023,
    "mce": 0.266268945535024,
    "auc": 0.8786265396723463,
    "confusion_matrix": [
      [
        24,
        16,
        9,
        1,
        4,
        12,
        0
      ],
      [
        6,
        56,
        12,
        1,
        2,
        24,
        2
      ],
      [
        8,
        11,
        95,
        1,
        21,
        84,
        0
      ],
      [
        2,
        5,
        3,
        5,
        1,
        7,
        0
      ],
      [
        2,
        5,
        24,
        1,
        73,
        117,
        1
      ],
      [
        6,
        18,
        34,
        2,
        58,
        1220,
        3
      ],
      [
        1,
        4,
        1,
        0,
        0,
        12,
        11
      ]
    ]
  },
  "model_info": {
    "parameters": 11180103,
    "device": "cuda"
  },
  "timestamp": "2025-12-04T16:35:06.286019"
}