{
  "architecture": "simple_cnn",
  "dataset": "dermamnist",
  "n_classes": 7,
  "training": {
    "best_epoch": 15,
    "best_val_acc": 0.7816550348953141,
    "total_time_minutes": 0.2552980740865072,
    "final_train_acc": 0.9367775082060796
  },
  "test_performance": {
    "accuracy": 0.773067331670823,
    "precision": 0.755933131404399,
    "recall": 0.773067331670823,
    "f1_score": 0.7577710661318307,
    "ece": 0.12196489291595403,
    "mce": 0.28421372175216675,
    "auc": 0.9187933656064915,
    "confusion_matrix": [
      [
        33,
        15,
        8,
        0,
        2,
        8,
        0
      ],
      [
        7,
        60,
        8,
        5,
        1,
        19,
        3
      ],
      [
        13,
        15,
        91,
        0,
        21,
        80,
        0
      ],
      [
        2,
        5,
        0,
        8,
        0,
        8,
        0
      ],
      [
        7,
        7,
        17,
        2,
        83,
        105,
        2
      ],
      [
        6,
        15,
        26,
        1,
        34,
        1259,
        0
      ],
      [
        0,
        3,
        0,
        1,
        1,
        8,
        16
      ]
    ]
  },
  "model_info": {
    "parameters": 814247,
    "device": "cuda"
  },
  "timestamp": "2025-12-04T16:34:38.822767"
}