{
  "architecture": "efficientnet_b0",
  "dataset": "tissuemnist",
  "n_classes": 8,
  "training": {
    "best_epoch": 9,
    "best_val_acc": 0.5788917089678511,
    "total_time_minutes": 13.148379305998484,
    "final_train_acc": 0.7761352785466501
  },
  "test_performance": {
    "accuracy": 0.5490270727580372,
    "precision": 0.5295136140277147,
    "recall": 0.5490270727580372,
    "f1_score": 0.5369063445072767,
    "ece": 0.18201905039348681,
    "mce": 0.25377105427100743,
    "auc": 0.8472548593261136,
    "confusion_matrix": [
      [
        11295,
        390,
        61,
        345,
        225,
        205,
        1448,
        1196
      ],
      [
        1284,
        149,
        19,
        66,
        52,
        31,
        381,
        251
      ],
      [
        140,
        8,
        469,
        313,
        349,
        294,
        46,
        58
      ],
      [
        555,
        24,
        310,
        2047,
        778,
        261,
        263,
        164
      ],
      [
        396,
        24,
        300,
        765,
        1137,
        294,
        269,
        184
      ],
      [
        383,
        25,
        290,
        281,
        328,
        500,
        208,
        187
      ],
      [
        1793,
        156,
        37,
        284,
        211,
        152,
        7184,
        1384
      ],
      [
        1750,
        140,
        41,
        152,
        225,
        118,
        1428,
        3177
      ]
    ]
  },
  "model_info": {
    "parameters": 4017220,
    "device": "cuda"
  },
  "timestamp": "2025-12-04T17:03:19.480220"
}