{
  "architecture": "resnet18",
  "dataset": "tissuemnist",
  "n_classes": 8,
  "training": {
    "best_epoch": 6,
    "best_val_acc": 0.614424703891709,
    "total_time_minutes": 6.235208348433177,
    "final_train_acc": 0.9296713524228543
  },
  "test_performance": {
    "accuracy": 0.5842851099830795,
    "precision": 0.5730718232798393,
    "recall": 0.5842851099830795,
    "f1_score": 0.577238709851379,
    "ece": 0.27706862161985507,
    "mce": 0.35284386144945323,
    "auc": 0.8597491501652348,
    "confusion_matrix": [
      [
        11067,
        601,
        58,
        331,
        237,
        171,
        1662,
        1038
      ],
      [
        1085,
        330,
        12,
        64,
        53,
        36,
        373,
        280
      ],
      [
        80,
        21,
        500,
        320,
        360,
        315,
        45,
        36
      ],
      [
        358,
        63,
        179,
        2456,
        678,
        229,
        301,
        138
      ],
      [
        279,
        48,
        211,
        683,
        1454,
        293,
        259,
        142
      ],
      [
        279,
        28,
        271,
        288,
        330,
        714,
        166,
        126
      ],
      [
        1395,
        211,
        26,
        317,
        229,
        141,
        7814,
        1068
      ],
      [
        1407,
        220,
        24,
        164,
        186,
        99,
        1641,
        3290
      ]
    ]
  },
  "model_info": {
    "parameters": 11174344,
    "device": "cuda"
  },
  "timestamp": "2025-12-04T16:50:05.600012"
}