{
  "architecture": "simple_cnn",
  "dataset": "tissuemnist",
  "n_classes": 8,
  "training": {
    "best_epoch": 15,
    "best_val_acc": 0.6857445008460237,
    "total_time_minutes": 4.5695330182711285,
    "final_train_acc": 0.8618205552802388
  },
  "test_performance": {
    "accuracy": 0.6739424703891709,
    "precision": 0.6692434114966918,
    "recall": 0.6739424703891709,
    "f1_score": 0.6706131584060766,
    "ece": 0.15719851926662493,
    "mce": 0.25279588932508434,
    "auc": 0.9194184104156888,
    "confusion_matrix": [
      [
        11736,
        477,
        31,
        271,
        179,
        106,
        1393,
        972
      ],
      [
        867,
        687,
        20,
        50,
        38,
        30,
        271,
        270
      ],
      [
        47,
        5,
        872,
        213,
        180,
        331,
        11,
        18
      ],
      [
        253,
        33,
        183,
        2892,
        499,
        203,
        250,
        89
      ],
      [
        224,
        28,
        182,
        590,
        1815,
        190,
        251,
        89
      ],
      [
        151,
        12,
        449,
        212,
        170,
        992,
        142,
        74
      ],
      [
        1068,
        111,
        23,
        260,
        173,
        128,
        8457,
        981
      ],
      [
        951,
        157,
        13,
        112,
        119,
        72,
        1194,
        4413
      ]
    ]
  },
  "model_info": {
    "parameters": 813928,
    "device": "cuda"
  },
  "timestamp": "2025-12-04T16:43:47.888137"
}